[
  {
    "id": "26fa9891-c771-40e9-984b-0203ba2849b4",
    "data": [
      {
        "text": "hey",
        "userDefined": false
      }
    ],
    "isTemplate": false,
    "count": 0,
    "updated": 1519911778
  },
  {
    "id": "3b613e26-d3de-4cd3-9836-f86b4454af2d",
    "data": [
      {
        "text": "hi",
        "userDefined": false
      }
    ],
    "isTemplate": false,
    "count": 0,
    "updated": 1519911778
  },
  {
    "id": "8145efeb-cc72-4c95-9337-3b61bafa1ea3",
    "data": [
      {
        "text": "welcome",
        "userDefined": false
      }
    ],
    "isTemplate": false,
    "count": 0,
    "updated": 1519911778
  },
  {
    "id": "2fa746a8-b052-4d47-8fac-919452467dd7",
    "data": [
      {
        "text": "hello",
        "userDefined": false
      }
    ],
    "isTemplate": false,
    "count": 0,
    "updated": 1519911778
  }
]