[
  {
    "id": "192fc41d-1288-40f7-9e49-14ff9f306463",
    "data": [
      {
        "text": "can I get ",
        "userDefined": false
      },
      {
        "text": "three",
        "alias": "amount",
        "meta": "@sys.number",
        "userDefined": false
      },
      {
        "text": " ",
        "userDefined": false
      },
      {
        "text": "doughnuts",
        "alias": "snack",
        "meta": "@snack",
        "userDefined": false
      },
      {
        "text": " please",
        "userDefined": false
      }
    ],
    "isTemplate": false,
    "count": 0,
    "updated": 0
  },
  {
    "id": "e367d16f-45d8-4719-9938-f027f6ceeb19",
    "data": [
      {
        "text": "something to eat",
        "userDefined": false
      }
    ],
    "isTemplate": false,
    "count": 1,
    "updated": 0
  },
  {
    "id": "e66a1a1e-e290-4c8f-88e5-5f3d5a65549e",
    "data": [
      {
        "text": "get me a dessert",
        "userDefined": false
      }
    ],
    "isTemplate": false,
    "count": 0,
    "updated": 0
  },
  {
    "id": "5d84bfc7-a0b8-4bd3-b4f5-cbf4a99abdf0",
    "data": [
      {
        "text": "I want a ",
        "userDefined": false
      },
      {
        "text": "huge",
        "alias": "size",
        "meta": "@size",
        "userDefined": false
      },
      {
        "text": " ",
        "userDefined": false
      },
      {
        "text": "chocolate",
        "alias": "topping",
        "meta": "@topping",
        "userDefined": false
      },
      {
        "text": " ",
        "userDefined": false
      },
      {
        "text": "doughnut",
        "alias": "snack",
        "meta": "@snack",
        "userDefined": true
      }
    ],
    "isTemplate": false,
    "count": 0,
    "updated": 0
  },
  {
    "id": "63465d3d-abcc-46e9-b042-0abd2a94951f",
    "data": [
      {
        "text": "I\u0027m hungry",
        "userDefined": false
      }
    ],
    "isTemplate": false,
    "count": 0,
    "updated": 0
  },
  {
    "id": "2843e7c3-92b5-4754-9b81-6948a05f8feb",
    "data": [
      {
        "text": "I want a ",
        "userDefined": false
      },
      {
        "text": "6",
        "alias": "amount",
        "meta": "@sys.number",
        "userDefined": false
      },
      {
        "text": " ",
        "userDefined": false
      },
      {
        "text": "huge",
        "alias": "size",
        "meta": "@size",
        "userDefined": false
      },
      {
        "text": " ",
        "userDefined": false
      },
      {
        "text": "chocolate",
        "alias": "topping",
        "meta": "@topping",
        "userDefined": false
      },
      {
        "text": " ",
        "userDefined": false
      },
      {
        "text": "doughnuts",
        "alias": "snack",
        "meta": "@snack",
        "userDefined": false
      },
      {
        "text": " please",
        "userDefined": false
      }
    ],
    "isTemplate": false,
    "count": 0,
    "updated": 0
  },
  {
    "id": "75d65042-c6bd-45ec-993c-cad7c0868742",
    "data": [
      {
        "text": "I want a ",
        "userDefined": false
      },
      {
        "text": "muffin",
        "alias": "snack",
        "meta": "@snack",
        "userDefined": false
      }
    ],
    "isTemplate": false,
    "count": 0,
    "updated": 0
  },
  {
    "id": "6d543fbd-3cd1-41b4-b925-795b89664bc9",
    "data": [
      {
        "text": "strawberry",
        "alias": "flavor",
        "meta": "@flavor",
        "userDefined": true
      },
      {
        "text": " ",
        "userDefined": false
      },
      {
        "text": "cupcake",
        "alias": "snack",
        "meta": "@snack",
        "userDefined": false
      },
      {
        "text": " please",
        "userDefined": false
      }
    ],
    "isTemplate": false,
    "count": 0,
    "updated": 0
  },
  {
    "id": "2caf42f1-c7ff-45fe-be60-a226bbcb2317",
    "data": [
      {
        "text": "how about a ",
        "userDefined": false
      },
      {
        "text": "small",
        "alias": "size",
        "meta": "@size",
        "userDefined": true
      },
      {
        "text": " ",
        "userDefined": false
      },
      {
        "text": "bagel",
        "alias": "snack",
        "meta": "@snack",
        "userDefined": true
      }
    ],
    "isTemplate": false,
    "count": 0,
    "updated": 0
  },
  {
    "id": "9ff5f3b9-f2a0-4799-b47c-333d01812406",
    "data": [
      {
        "text": "3",
        "alias": "amount",
        "meta": "@sys.number",
        "userDefined": false
      },
      {
        "text": " ",
        "userDefined": false
      },
      {
        "text": "bagels",
        "alias": "snack",
        "meta": "@snack",
        "userDefined": false
      },
      {
        "text": " please",
        "userDefined": false
      }
    ],
    "isTemplate": false,
    "count": 0,
    "updated": 0
  },
  {
    "id": "b675a252-1b34-441b-9989-baaa3fac1a92",
    "data": [
      {
        "text": "bagel",
        "alias": "snack",
        "meta": "@snack",
        "userDefined": true
      }
    ],
    "isTemplate": false,
    "count": 0,
    "updated": 0
  },
  {
    "id": "2c06b9cf-9f30-4844-8b3e-4f39037f3a56",
    "data": [
      {
        "text": "strudel",
        "alias": "snack",
        "meta": "@snack",
        "userDefined": false
      },
      {
        "text": " with ",
        "userDefined": false
      },
      {
        "text": "cheese",
        "alias": "flavor",
        "meta": "@flavor",
        "userDefined": true
      }
    ],
    "isTemplate": false,
    "count": 1,
    "updated": 0
  },
  {
    "id": "e817b3e9-2a52-4448-865f-0bd0c1ecb0d4",
    "data": [
      {
        "text": "do you have ",
        "userDefined": false
      },
      {
        "text": "croissants",
        "alias": "snack",
        "meta": "@snack",
        "userDefined": false
      }
    ],
    "isTemplate": false,
    "count": 1,
    "updated": 0
  },
  {
    "id": "a08ef28f-266e-496b-881b-2c0c08b299fa",
    "data": [
      {
        "text": "deliver",
        "alias": "delivery-pickup",
        "meta": "@delivery-pickup",
        "userDefined": false
      },
      {
        "text": " me a ",
        "userDefined": false
      },
      {
        "text": "bagel",
        "alias": "snack",
        "meta": "@snack",
        "userDefined": false
      }
    ],
    "isTemplate": false,
    "count": 0,
    "updated": 0
  },
  {
    "id": "f5be327d-060a-48aa-9ad9-58874928c34c",
    "data": [
      {
        "text": "I\u0027d love to get a ",
        "userDefined": false
      },
      {
        "text": "bagel",
        "alias": "snack",
        "meta": "@snack",
        "userDefined": false
      },
      {
        "text": " with ",
        "userDefined": false
      },
      {
        "text": "cream cheese",
        "alias": "flavor",
        "meta": "@flavor",
        "userDefined": false
      }
    ],
    "isTemplate": false,
    "count": 0,
    "updated": 0
  },
  {
    "id": "662e2d6a-ceff-4718-bd3a-63f5eec8ce29",
    "data": [
      {
        "text": "I\u0027d love to get a ",
        "userDefined": false
      },
      {
        "text": "danish",
        "alias": "snack",
        "meta": "@snack",
        "userDefined": true
      },
      {
        "text": " with ",
        "userDefined": false
      },
      {
        "text": "almond paste",
        "alias": "flavor",
        "meta": "@flavor",
        "userDefined": true
      }
    ],
    "isTemplate": false,
    "count": 0,
    "updated": 0
  },
  {
    "id": "449b11aa-e59a-44cd-ad41-8588104c1a36",
    "data": [
      {
        "text": "salad",
        "alias": "snack",
        "meta": "@snack",
        "userDefined": true
      }
    ],
    "isTemplate": false,
    "count": 0,
    "updated": 0
  }
]