[
  {
    "id": "e7905105-6663-45a5-9c17-f154eaca4d38",
    "data": [
      {
        "text": "I want to order the same",
        "userDefined": false
      }
    ],
    "isTemplate": false,
    "count": 0,
    "updated": 0
  },
  {
    "id": "a26f1034-58ae-438c-bf7d-1d4a246c6f6e",
    "data": [
      {
        "text": "as usual please",
        "userDefined": false
      }
    ],
    "isTemplate": false,
    "count": 0,
    "updated": 0
  },
  {
    "id": "0085e58d-0d88-43e1-8ae2-e2668933eec6",
    "data": [
      {
        "text": "deliver",
        "alias": "delivery-pickup",
        "meta": "@delivery-pickup",
        "userDefined": false
      },
      {
        "text": " me my usual",
        "userDefined": false
      }
    ],
    "isTemplate": false,
    "count": 0,
    "updated": 0
  },
  {
    "id": "81c0c2f3-fb1e-4d16-a3ca-9ab7c48c3574",
    "data": [
      {
        "text": "can I ",
        "userDefined": false
      },
      {
        "text": "pick up",
        "alias": "delivery-pickup",
        "meta": "@delivery-pickup",
        "userDefined": false
      },
      {
        "text": " my last order",
        "userDefined": false
      }
    ],
    "isTemplate": false,
    "count": 0,
    "updated": 0
  },
  {
    "id": "308dac61-1efa-463c-98a0-b8fcd1865386",
    "data": [
      {
        "text": "repeat my last order",
        "userDefined": false
      }
    ],
    "isTemplate": false,
    "count": 0,
    "updated": 0
  },
  {
    "id": "19291f1d-d091-4278-bb7d-0295dc76da74",
    "data": [
      {
        "text": "can I have usual",
        "userDefined": false
      }
    ],
    "isTemplate": false,
    "count": 0,
    "updated": 0
  },
  {
    "id": "f29d94e9-ec08-405a-93fa-e368e4e38ab7",
    "data": [
      {
        "text": "I want to have what I always have",
        "userDefined": false
      }
    ],
    "isTemplate": false,
    "count": 0,
    "updated": 0
  }
]