[
  {
    "id": "2536793b-cf33-4631-97fc-8716c4a578fb",
    "data": [
      {
        "text": "different",
        "userDefined": false
      }
    ],
    "isTemplate": false,
    "count": 0,
    "updated": 1498468068
  },
  {
    "id": "4cba34c9-6031-4b75-9625-225d8016dcef",
    "data": [
      {
        "text": "no this one: ",
        "userDefined": false
      },
      {
        "text": "11111111111111",
        "alias": "card-number",
        "meta": "@sys.number",
        "userDefined": false
      }
    ],
    "isTemplate": false,
    "count": 0,
    "updated": 1498468531
  },
  {
    "id": "95f9f4fb-54a0-4b9c-a9bc-8ed8e6cee62a",
    "data": [
      {
        "text": "definitely not",
        "userDefined": false
      }
    ],
    "isTemplate": false,
    "count": 0,
    "updated": 0
  },
  {
    "id": "686ea22c-8cbb-4ca7-9272-39c3c5be0eff",
    "data": [
      {
        "text": "I don\u0027t think so",
        "userDefined": false
      }
    ],
    "isTemplate": false,
    "count": 0,
    "updated": 0
  },
  {
    "id": "99ba4737-8614-4643-ad31-3e64fbe4ad87",
    "data": [
      {
        "text": "no",
        "userDefined": false
      }
    ],
    "isTemplate": false,
    "count": 0,
    "updated": 0
  },
  {
    "id": "3fffe747-12fc-4059-8768-b6662f7e20f7",
    "data": [
      {
        "text": "another one",
        "userDefined": false
      }
    ],
    "isTemplate": false,
    "count": 0,
    "updated": 1498468068
  },
  {
    "id": "bc51d193-ef14-49a7-8e83-b236311eea24",
    "data": [
      {
        "text": "thanks but no",
        "userDefined": false
      }
    ],
    "isTemplate": false,
    "count": 0,
    "updated": 0
  },
  {
    "id": "8d777643-b846-4155-9664-758bf50cc16c",
    "data": [
      {
        "text": "another one: ",
        "userDefined": false
      },
      {
        "text": "1111222233334444",
        "alias": "card-number",
        "meta": "@sys.number",
        "userDefined": false
      }
    ],
    "isTemplate": false,
    "count": 0,
    "updated": 1498468531
  },
  {
    "id": "7c7fbe0b-600a-4626-821d-8dc4866675fd",
    "data": [
      {
        "text": "not really",
        "userDefined": false
      }
    ],
    "isTemplate": false,
    "count": 0,
    "updated": 0
  },
  {
    "id": "71f6ab2c-ffd2-4890-92e9-5fc7fcbb774f",
    "data": [
      {
        "text": "I don\u0027t want that",
        "userDefined": false
      }
    ],
    "isTemplate": false,
    "count": 0,
    "updated": 0
  },
  {
    "id": "dbc045e9-8707-4639-bb76-d4be32323940",
    "data": [
      {
        "text": "not interested",
        "userDefined": false
      }
    ],
    "isTemplate": false,
    "count": 0,
    "updated": 0
  },
  {
    "id": "c6109d6c-ca43-471c-b7ec-52b160012811",
    "data": [
      {
        "text": "don\u0027t do it",
        "userDefined": false
      }
    ],
    "isTemplate": false,
    "count": 0,
    "updated": 0
  },
  {
    "id": "a19c1b77-c78b-4987-9fc9-85db9a3fb19c",
    "data": [
      {
        "text": "I disagree",
        "userDefined": false
      }
    ],
    "isTemplate": false,
    "count": 0,
    "updated": 0
  },
  {
    "id": "de7f2224-87f7-4a1f-acae-74246641b28c",
    "data": [
      {
        "text": "different card",
        "userDefined": false
      }
    ],
    "isTemplate": false,
    "count": 0,
    "updated": 1498468068
  }
]