[
  {
    "id": "cf3858ac-df9e-42d2-802f-98158073468a",
    "data": [
      {
        "text": "two",
        "alias": "amount",
        "meta": "@sys.number",
        "userDefined": false
      },
      {
        "text": " ",
        "userDefined": false
      },
      {
        "text": "medium",
        "alias": "size",
        "meta": "@size",
        "userDefined": false
      },
      {
        "text": " ",
        "userDefined": false
      },
      {
        "text": "cappuccinos",
        "alias": "number",
        "meta": "@sys.number",
        "userDefined": false
      },
      {
        "text": " please",
        "userDefined": false
      }
    ],
    "isTemplate": false,
    "count": 0,
    "updated": 1521129952
  },
  {
    "id": "51717e37-789b-4721-a9da-f3c50eeb0fad",
    "data": [
      {
        "text": "orange",
        "alias": "robocolors",
        "meta": "@robocolors",
        "userDefined": true
      }
    ],
    "isTemplate": false,
    "count": 0,
    "updated": 1521129952
  },
  {
    "id": "391d1fc3-4051-4184-b0aa-41e78d0c2fa0",
    "data": [
      {
        "text": "can I get a ",
        "userDefined": false
      },
      {
        "text": "huge",
        "alias": "size",
        "meta": "@size",
        "userDefined": false
      },
      {
        "text": " cup of ",
        "userDefined": false
      },
      {
        "text": "macchiato",
        "alias": "number",
        "meta": "@sys.number",
        "userDefined": true
      }
    ],
    "isTemplate": false,
    "count": 0,
    "updated": 1521129952
  },
  {
    "id": "80e5196d-1ecd-41ab-ae10-f42508bcd30d",
    "data": [
      {
        "text": "I prefer ",
        "userDefined": false
      },
      {
        "text": "red",
        "alias": "robocolors",
        "meta": "@robocolors",
        "userDefined": false
      },
      {
        "text": " robot",
        "userDefined": false
      }
    ],
    "isTemplate": false,
    "count": 0,
    "updated": 1521129952
  },
  {
    "id": "21bb84c7-b997-4e56-8c06-ba43fa01865e",
    "data": [
      {
        "text": "blue",
        "alias": "robocolors",
        "meta": "@robocolors",
        "userDefined": true
      }
    ],
    "isTemplate": false,
    "count": 0,
    "updated": 1521129952
  },
  {
    "id": "0042ee05-da01-4fc6-87e4-97b84cbe692a",
    "data": [
      {
        "text": "can I get ",
        "userDefined": false
      },
      {
        "text": "tea",
        "alias": "number",
        "meta": "@sys.number",
        "userDefined": true
      }
    ],
    "isTemplate": false,
    "count": 0,
    "updated": 1521129952
  },
  {
    "id": "3d8b30e7-dc46-4c32-b777-a50038891a6d",
    "data": [
      {
        "text": "I want ",
        "userDefined": false
      },
      {
        "text": "iced",
        "alias": "iced",
        "meta": "@iced",
        "userDefined": false
      },
      {
        "text": " ",
        "userDefined": false
      },
      {
        "text": "coffee",
        "alias": "number",
        "meta": "@sys.number",
        "userDefined": true
      }
    ],
    "isTemplate": false,
    "count": 0,
    "updated": 1521129952
  },
  {
    "id": "e45d8a29-4ff9-475f-87c8-1656b4875893",
    "data": [
      {
        "text": "I need a cup of ",
        "userDefined": false
      },
      {
        "text": "coffee",
        "alias": "number",
        "meta": "@sys.number",
        "userDefined": true
      }
    ],
    "isTemplate": false,
    "count": 0,
    "updated": 1521129952
  },
  {
    "id": "8f767c3d-04b9-4287-8027-cc1da4c13e06",
    "data": [
      {
        "text": "hot chocolate",
        "alias": "number",
        "meta": "@sys.number",
        "userDefined": true
      }
    ],
    "isTemplate": false,
    "count": 0,
    "updated": 1521129952
  },
  {
    "id": "c237bf45-bd73-41f2-97c8-fce094aa4472",
    "data": [
      {
        "text": "can I get a ",
        "userDefined": false
      },
      {
        "text": "small",
        "alias": "size",
        "meta": "@size",
        "userDefined": false
      },
      {
        "text": " ",
        "userDefined": false
      },
      {
        "text": "iced",
        "alias": "iced",
        "meta": "@iced",
        "userDefined": true
      },
      {
        "text": " ",
        "userDefined": false
      },
      {
        "text": "cappuccino",
        "alias": "number",
        "meta": "@sys.number",
        "userDefined": true
      },
      {
        "text": " with ",
        "userDefined": false
      },
      {
        "text": "low fat milk",
        "alias": "milk-type",
        "meta": "@milk-type",
        "userDefined": false
      }
    ],
    "isTemplate": false,
    "count": 0,
    "updated": 1521129952
  },
  {
    "id": "28c78538-7b27-41db-a3c2-03dbaa948828",
    "data": [
      {
        "text": "I prefer ",
        "userDefined": false
      },
      {
        "text": "orange",
        "alias": "robocolors",
        "meta": "@robocolors",
        "userDefined": true
      }
    ],
    "isTemplate": false,
    "count": 0,
    "updated": 1521129952
  },
  {
    "id": "bc59de3e-cf3c-44c5-90ee-2a1ac9b79ba4",
    "data": [
      {
        "text": "I prefer ",
        "userDefined": false
      },
      {
        "text": "green",
        "alias": "robocolors",
        "meta": "@robocolors",
        "userDefined": true
      }
    ],
    "isTemplate": false,
    "count": 0,
    "updated": 1521129952
  },
  {
    "id": "72d73f67-8772-40da-ac25-59dd61b30644",
    "data": [
      {
        "text": "green",
        "alias": "robocolors",
        "meta": "@robocolors",
        "userDefined": false
      }
    ],
    "isTemplate": false,
    "count": 0,
    "updated": 1521129952
  },
  {
    "id": "acc5da90-9d7c-4878-b697-0aa32a6a09ef",
    "data": [
      {
        "text": "I\u0027d like a ",
        "userDefined": false
      },
      {
        "text": "coffee",
        "alias": "number",
        "meta": "@sys.number",
        "userDefined": true
      },
      {
        "text": " ",
        "userDefined": false
      },
      {
        "text": "to go",
        "alias": "robocolors",
        "meta": "@robocolors",
        "userDefined": false
      }
    ],
    "isTemplate": false,
    "count": 0,
    "updated": 1521129952
  },
  {
    "id": "d3f25017-7ee4-4d46-81c3-60e3e2de574d",
    "data": [
      {
        "text": "I prefer ",
        "userDefined": false
      },
      {
        "text": "green",
        "alias": "robocolors",
        "meta": "@robocolors",
        "userDefined": false
      },
      {
        "text": " robot",
        "userDefined": false
      }
    ],
    "isTemplate": false,
    "count": 0,
    "updated": 1521129952
  },
  {
    "id": "a39b1885-d606-4905-8aa7-70d65122b87d",
    "data": [
      {
        "text": "can I get a ",
        "userDefined": false
      },
      {
        "text": "small",
        "alias": "size",
        "meta": "@size",
        "userDefined": false
      },
      {
        "text": " ",
        "userDefined": false
      },
      {
        "text": "iced",
        "alias": "iced",
        "meta": "@iced",
        "userDefined": true
      },
      {
        "text": " ",
        "userDefined": false
      },
      {
        "text": "latte",
        "alias": "number",
        "meta": "@sys.number",
        "userDefined": true
      },
      {
        "text": " with ",
        "userDefined": false
      },
      {
        "text": "low fat milk",
        "alias": "milk-type",
        "meta": "@milk-type",
        "userDefined": false
      }
    ],
    "isTemplate": false,
    "count": 0,
    "updated": 1521129952
  },
  {
    "id": "0f875d6b-8916-4669-8436-0ff5d3f5cf14",
    "data": [
      {
        "text": "cappuccino",
        "alias": "number",
        "meta": "@sys.number",
        "userDefined": true
      }
    ],
    "isTemplate": false,
    "count": 0,
    "updated": 1521129952
  },
  {
    "id": "b25805c8-4615-49cc-b669-c6884b45b278",
    "data": [
      {
        "text": "red",
        "alias": "robocolors",
        "meta": "@robocolors",
        "userDefined": false
      }
    ],
    "isTemplate": false,
    "count": 0,
    "updated": 1521129952
  },
  {
    "id": "6a46fddf-392c-4ca3-b04f-f89c497a391e",
    "data": [
      {
        "text": "I choose ",
        "userDefined": false
      },
      {
        "text": "orange",
        "alias": "robocolors",
        "meta": "@robocolors",
        "userDefined": true
      }
    ],
    "isTemplate": false,
    "count": 0,
    "updated": 1521129952
  },
  {
    "id": "cd5ddf81-a8c0-4f7b-a550-234d554f1bc9",
    "data": [
      {
        "text": "I choose ",
        "userDefined": false
      },
      {
        "text": "blue",
        "alias": "robocolors",
        "meta": "@robocolors",
        "userDefined": true
      }
    ],
    "isTemplate": false,
    "count": 0,
    "updated": 1521129952
  },
  {
    "id": "66b1cbdd-986e-42ed-919a-86a604e314aa",
    "data": [
      {
        "text": "I\u0027d like a ",
        "userDefined": false
      },
      {
        "text": "coffee",
        "alias": "number",
        "meta": "@sys.number",
        "userDefined": true
      },
      {
        "text": " ",
        "userDefined": false
      },
      {
        "text": "delivered",
        "meta": "@sys.ignore",
        "userDefined": false
      }
    ],
    "isTemplate": false,
    "count": 0,
    "updated": 1521129952
  },
  {
    "id": "7940b3a9-5bea-47b3-83f2-45908fb10f0f",
    "data": [
      {
        "text": "order ",
        "userDefined": false
      },
      {
        "text": "coffee",
        "alias": "number",
        "meta": "@sys.number",
        "userDefined": true
      }
    ],
    "isTemplate": false,
    "count": 0,
    "updated": 1521129952
  },
  {
    "id": "5a4a3eeb-f177-4602-840d-33c8c2272195",
    "data": [
      {
        "text": "2",
        "alias": "amount",
        "meta": "@sys.number",
        "userDefined": false
      },
      {
        "text": " times",
        "userDefined": false
      }
    ],
    "isTemplate": false,
    "count": 0,
    "updated": 1521129952
  },
  {
    "id": "1a20a124-529a-4a60-99e5-e339977190b0",
    "data": [
      {
        "text": "I prefer ",
        "userDefined": false
      },
      {
        "text": "blue",
        "alias": "robocolors",
        "meta": "@robocolors",
        "userDefined": true
      }
    ],
    "isTemplate": false,
    "count": 0,
    "updated": 1521129952
  },
  {
    "id": "97d167bf-ee3b-4c6d-9496-67867eeafc42",
    "data": [
      {
        "text": "I prefer ",
        "userDefined": false
      },
      {
        "text": "red",
        "alias": "robocolors",
        "meta": "@robocolors",
        "userDefined": true
      }
    ],
    "isTemplate": false,
    "count": 0,
    "updated": 1521129952
  },
  {
    "id": "847871b1-d20f-4e4c-b479-9e856f482469",
    "data": [
      {
        "text": "do you have ",
        "userDefined": false
      },
      {
        "text": "iced",
        "alias": "iced",
        "meta": "@iced",
        "userDefined": true
      },
      {
        "text": " ",
        "userDefined": false
      },
      {
        "text": "latte",
        "alias": "number",
        "meta": "@sys.number",
        "userDefined": true
      }
    ],
    "isTemplate": false,
    "count": 0,
    "updated": 1521129952
  },
  {
    "id": "2a7761c1-ae07-4951-bfc0-84461b735cab",
    "data": [
      {
        "text": "people need ",
        "userDefined": false
      },
      {
        "text": "coffee",
        "alias": "number",
        "meta": "@sys.number",
        "userDefined": true
      }
    ],
    "isTemplate": false,
    "count": 0,
    "updated": 1521129952
  },
  {
    "id": "644f4233-392b-4194-9fe3-1e47a876f2aa",
    "data": [
      {
        "text": "2",
        "alias": "amount",
        "meta": "@sys.number",
        "userDefined": false
      },
      {
        "text": " ",
        "userDefined": false
      },
      {
        "text": "medium",
        "alias": "size",
        "meta": "@size",
        "userDefined": false
      },
      {
        "text": " ",
        "userDefined": false
      },
      {
        "text": "macchiato",
        "alias": "number",
        "meta": "@sys.number",
        "userDefined": true
      }
    ],
    "isTemplate": false,
    "count": 0,
    "updated": 1521129952
  },
  {
    "id": "2c0a38c5-4d46-4de9-bddd-74970d8a9bdd",
    "data": [
      {
        "text": "some ",
        "userDefined": false
      },
      {
        "text": "tea",
        "alias": "number",
        "meta": "@sys.number",
        "userDefined": true
      },
      {
        "text": " please",
        "userDefined": false
      }
    ],
    "isTemplate": false,
    "count": 0,
    "updated": 1521129952
  }
]