[
  {
    "id": "cb768ae2-1c67-47d6-a954-47150f7c3bdc",
    "data": [
      {
        "text": "not interested",
        "userDefined": false
      }
    ],
    "isTemplate": false,
    "count": 0,
    "updated": 0
  },
  {
    "id": "2da74495-e121-4ef6-be76-5cbd3dc7beeb",
    "data": [
      {
        "text": "I don\u0027t want that",
        "userDefined": false
      }
    ],
    "isTemplate": false,
    "count": 0,
    "updated": 0
  },
  {
    "id": "27ff4e33-4a96-43d8-ad35-8206607c1144",
    "data": [
      {
        "text": "no",
        "userDefined": false
      }
    ],
    "isTemplate": false,
    "count": 0,
    "updated": 0
  },
  {
    "id": "956d1e5a-ad5e-4d2e-becb-8ad30b53338e",
    "data": [
      {
        "text": "different",
        "userDefined": false
      }
    ],
    "isTemplate": false,
    "count": 0,
    "updated": 0
  },
  {
    "id": "b1a958e0-7e7e-443a-9e38-5b65d465e74b",
    "data": [
      {
        "text": "I disagree",
        "userDefined": false
      }
    ],
    "isTemplate": false,
    "count": 0,
    "updated": 0
  },
  {
    "id": "9f95f803-eafd-4c0e-83b3-ed4ddaa30289",
    "data": [
      {
        "text": "different card",
        "userDefined": false
      }
    ],
    "isTemplate": false,
    "count": 0,
    "updated": 0
  },
  {
    "id": "cf04401f-0805-4f45-b100-7db5320f6bcb",
    "data": [
      {
        "text": "not really",
        "userDefined": false
      }
    ],
    "isTemplate": false,
    "count": 0,
    "updated": 0
  },
  {
    "id": "6d2ea097-6e9b-449a-8a8b-a9854937e115",
    "data": [
      {
        "text": "another card",
        "userDefined": false
      }
    ],
    "isTemplate": false,
    "count": 0,
    "updated": 0
  },
  {
    "id": "19aff9e0-e7a8-4fcf-af75-923f82675120",
    "data": [
      {
        "text": "no, use ",
        "userDefined": false
      },
      {
        "text": "22222222222",
        "alias": "card-number",
        "meta": "@sys.number",
        "userDefined": true
      }
    ],
    "isTemplate": false,
    "count": 0,
    "updated": 0
  },
  {
    "id": "1be56761-d190-47df-80b2-1fbee7b5e00d",
    "data": [
      {
        "text": "another one",
        "userDefined": false
      }
    ],
    "isTemplate": false,
    "count": 0,
    "updated": 0
  },
  {
    "id": "eba60323-c1a7-4223-afa9-179e989740b6",
    "data": [
      {
        "text": "don\u0027t do it",
        "userDefined": false
      }
    ],
    "isTemplate": false,
    "count": 0,
    "updated": 0
  },
  {
    "id": "88ecb1c9-d466-4a6c-9d99-07821000c9c5",
    "data": [
      {
        "text": "I don\u0027t think so",
        "userDefined": false
      }
    ],
    "isTemplate": false,
    "count": 0,
    "updated": 0
  },
  {
    "id": "daaafec3-a912-4d88-a36d-b926c2f666fc",
    "data": [
      {
        "text": "thanks but no",
        "userDefined": false
      }
    ],
    "isTemplate": false,
    "count": 0,
    "updated": 0
  },
  {
    "id": "cc3fa056-e60c-4761-9e32-c9936eead0fb",
    "data": [
      {
        "text": "definitely not",
        "userDefined": false
      }
    ],
    "isTemplate": false,
    "count": 0,
    "updated": 0
  }
]