[
  {
    "id": "14f9109e-9149-41dc-82b1-b133926bb8c9",
    "data": [
      {
        "text": "no",
        "userDefined": false
      }
    ],
    "isTemplate": false,
    "count": 0,
    "updated": 0
  },
  {
    "id": "5c4028b1-d70b-4ca8-8c92-4ffa5443001e",
    "data": [
      {
        "text": "not really",
        "userDefined": false
      }
    ],
    "isTemplate": false,
    "count": 0,
    "updated": 0
  },
  {
    "id": "e21b9b03-e3e3-4af1-a71d-696fb5f75097",
    "data": [
      {
        "text": "no this one ",
        "userDefined": false
      },
      {
        "text": "11111111111",
        "alias": "card-number",
        "meta": "@sys.number",
        "userDefined": true
      }
    ],
    "isTemplate": false,
    "count": 0,
    "updated": 0
  },
  {
    "id": "faa4fe01-2473-41c2-9c19-dc781abfb19d",
    "data": [
      {
        "text": "not interested",
        "userDefined": false
      }
    ],
    "isTemplate": false,
    "count": 0,
    "updated": 0
  },
  {
    "id": "383caeb2-eb89-49b2-b57c-4c8765b85373",
    "data": [
      {
        "text": "I don\u0027t think so",
        "userDefined": false
      }
    ],
    "isTemplate": false,
    "count": 0,
    "updated": 0
  },
  {
    "id": "b9398174-7ff6-4427-b4f2-b365f260d8a2",
    "data": [
      {
        "text": "another one",
        "userDefined": false
      }
    ],
    "isTemplate": false,
    "count": 0,
    "updated": 0
  },
  {
    "id": "eabcf190-5857-49b0-b991-02830dc73ed4",
    "data": [
      {
        "text": "I disagree",
        "userDefined": false
      }
    ],
    "isTemplate": false,
    "count": 0,
    "updated": 0
  },
  {
    "id": "a5730166-bf9a-4f3b-87b4-9c2194bf40d1",
    "data": [
      {
        "text": "definitely not",
        "userDefined": false
      }
    ],
    "isTemplate": false,
    "count": 0,
    "updated": 0
  },
  {
    "id": "eb7fe312-6cd8-4b46-8e82-8171be3496df",
    "data": [
      {
        "text": "don\u0027t do it",
        "userDefined": false
      }
    ],
    "isTemplate": false,
    "count": 0,
    "updated": 0
  },
  {
    "id": "aec7a9cf-df35-4729-9035-7ac35aa3bf2f",
    "data": [
      {
        "text": "I don\u0027t want that",
        "userDefined": false
      }
    ],
    "isTemplate": false,
    "count": 0,
    "updated": 0
  },
  {
    "id": "691a1d2a-563e-4654-93fa-8d31250b62e4",
    "data": [
      {
        "text": "different",
        "userDefined": false
      }
    ],
    "isTemplate": false,
    "count": 0,
    "updated": 0
  },
  {
    "id": "07c4bae1-42c8-4c29-a616-d90627e464e2",
    "data": [
      {
        "text": "thanks but no",
        "userDefined": false
      }
    ],
    "isTemplate": false,
    "count": 0,
    "updated": 0
  }
]