[
  {
    "id": "9b8fa59e-c94e-473c-b326-82a9612f7c74",
    "data": [
      {
        "text": "let\u0027s buy a gift card",
        "userDefined": false
      }
    ],
    "isTemplate": false,
    "count": 0,
    "updated": 0
  },
  {
    "id": "24121f18-d8d8-484e-b6f0-9fbf3c5c6051",
    "data": [
      {
        "text": "I want to buy a gift card as a present",
        "userDefined": false
      }
    ],
    "isTemplate": false,
    "count": 0,
    "updated": 0
  },
  {
    "id": "196989a5-8715-4e4f-923a-b5d04032c085",
    "data": [
      {
        "text": "100 $",
        "alias": "card-balance",
        "meta": "@sys.unit-currency",
        "userDefined": false
      },
      {
        "text": " gift card please",
        "userDefined": false
      }
    ],
    "isTemplate": false,
    "count": 0,
    "updated": 0
  },
  {
    "id": "69659856-5f82-44a8-b3e5-73ca0392c6ce",
    "data": [
      {
        "text": "I need a present",
        "userDefined": false
      }
    ],
    "isTemplate": false,
    "count": 0,
    "updated": 0
  },
  {
    "id": "0faf9291-1330-45e2-8dcd-6c3eb33e057f",
    "data": [
      {
        "text": "I\u0027m looking for a present",
        "userDefined": false
      }
    ],
    "isTemplate": false,
    "count": 0,
    "updated": 0
  },
  {
    "id": "e27fd505-2473-41c9-8c0c-f03287e21b97",
    "data": [
      {
        "text": "deliver",
        "alias": "delivery-pickup",
        "meta": "@delivery-pickup",
        "userDefined": false
      },
      {
        "text": " the gift card to me",
        "userDefined": false
      }
    ],
    "isTemplate": false,
    "count": 0,
    "updated": 0
  },
  {
    "id": "571cd8df-2816-4483-8532-7b2f5dfb6efe",
    "data": [
      {
        "text": "order gift card",
        "userDefined": false
      }
    ],
    "isTemplate": false,
    "count": 0,
    "updated": 0
  },
  {
    "id": "b1158e33-87ea-44a7-841e-ed66533c78b6",
    "data": [
      {
        "text": "I want a gift card",
        "userDefined": false
      }
    ],
    "isTemplate": false,
    "count": 0,
    "updated": 0
  },
  {
    "id": "ca011d54-18f4-47e2-adda-16f3f238e46d",
    "data": [
      {
        "text": "I want to order a gift card with ",
        "userDefined": false
      },
      {
        "text": "50$",
        "alias": "card-balance",
        "meta": "@sys.unit-currency",
        "userDefined": false
      },
      {
        "text": " on it",
        "userDefined": false
      }
    ],
    "isTemplate": false,
    "count": 0,
    "updated": 0
  }
]