[
  {
    "id": "0c024240-3a92-4da1-a738-689d16c9bbac",
    "data": [
      {
        "text": "confirm",
        "userDefined": false
      }
    ],
    "isTemplate": false,
    "count": 1,
    "updated": 0
  },
  {
    "id": "c554eef3-b7c2-4a2b-97bf-d23062baf881",
    "data": [
      {
        "text": "I agree",
        "userDefined": false
      }
    ],
    "isTemplate": false,
    "count": 1,
    "updated": 0
  },
  {
    "id": "61f58c36-65a9-48ca-a76d-0e466b09a789",
    "data": [
      {
        "text": "same card",
        "userDefined": false
      }
    ],
    "isTemplate": false,
    "count": 0,
    "updated": 1498467851
  },
  {
    "id": "f6a7543f-6543-4603-ab32-94f676287408",
    "data": [
      {
        "text": "that\u0027s correct",
        "userDefined": false
      }
    ],
    "isTemplate": false,
    "count": 0,
    "updated": 0
  },
  {
    "id": "5da07999-993e-4586-9434-1b9b3cbf36cd",
    "data": [
      {
        "text": "yes",
        "userDefined": false
      }
    ],
    "isTemplate": false,
    "count": 0,
    "updated": 0
  },
  {
    "id": "f8bede32-23d6-40e0-96ca-b66db8f6d629",
    "data": [
      {
        "text": "sounds good",
        "userDefined": false
      }
    ],
    "isTemplate": false,
    "count": 0,
    "updated": 0
  },
  {
    "id": "b6140ed5-73c3-4fa0-ae19-a82442bda4ba",
    "data": [
      {
        "text": "of course",
        "userDefined": false
      }
    ],
    "isTemplate": false,
    "count": 0,
    "updated": 0
  },
  {
    "id": "2fff9bf8-d29d-4039-932e-2828d419c0bf",
    "data": [
      {
        "text": "exactly",
        "userDefined": false
      }
    ],
    "isTemplate": false,
    "count": 0,
    "updated": 0
  },
  {
    "id": "9f97d7a0-9a0a-4116-9903-b614a8137d58",
    "data": [
      {
        "text": "sure",
        "userDefined": false
      }
    ],
    "isTemplate": false,
    "count": 2,
    "updated": 0
  },
  {
    "id": "89f069f5-9369-498d-b391-04b53f5804a6",
    "data": [
      {
        "text": "same",
        "userDefined": false
      }
    ],
    "isTemplate": false,
    "count": 0,
    "updated": 1498467851
  },
  {
    "id": "afce5a03-9c95-46d6-b870-ea854d73d50a",
    "data": [
      {
        "text": "usual card",
        "userDefined": false
      }
    ],
    "isTemplate": false,
    "count": 0,
    "updated": 1498467851
  }
]