[
  {
    "id": "1c30df80-7690-4765-a3ba-3e9aa63fa2cb",
    "data": [
      {
        "text": "definitely not",
        "userDefined": false
      }
    ],
    "isTemplate": false,
    "count": 1,
    "updated": 1520861582
  },
  {
    "id": "59df6fc5-a5f3-448a-87cc-97628cab9cf5",
    "data": [
      {
        "text": "not interested",
        "userDefined": false
      }
    ],
    "isTemplate": false,
    "count": 0,
    "updated": 1520861582
  },
  {
    "id": "b622e410-77d5-4784-b726-7ed3479ef9eb",
    "data": [
      {
        "text": "I disagree",
        "userDefined": false
      }
    ],
    "isTemplate": false,
    "count": 2,
    "updated": 1520861582
  },
  {
    "id": "51d23798-4ff9-4465-a530-6ca1a54bc171",
    "data": [
      {
        "text": "no",
        "userDefined": false
      }
    ],
    "isTemplate": false,
    "count": 1,
    "updated": 1520861582
  },
  {
    "id": "5ee166f5-6bce-457a-9c1c-6a0bdf664237",
    "data": [
      {
        "text": "I don\u0027t want that",
        "userDefined": false
      }
    ],
    "isTemplate": false,
    "count": 0,
    "updated": 1520861582
  },
  {
    "id": "4a3b1621-73c0-4eef-8aec-33019ec455b9",
    "data": [
      {
        "text": "not really",
        "userDefined": false
      }
    ],
    "isTemplate": false,
    "count": 0,
    "updated": 1520861582
  },
  {
    "id": "53f09a42-6482-4ed4-9959-51a0ab13f8d6",
    "data": [
      {
        "text": "I don\u0027t think so",
        "userDefined": false
      }
    ],
    "isTemplate": false,
    "count": 0,
    "updated": 1520861582
  },
  {
    "id": "5eae0fab-1094-4ef0-bf4b-cc674dcc597d",
    "data": [
      {
        "text": "don\u0027t do it",
        "userDefined": false
      }
    ],
    "isTemplate": false,
    "count": 0,
    "updated": 1520861582
  }
]