[
  {
    "id": "42ddcd44-5101-4a8e-afff-125bec0c8503",
    "data": [
      {
        "text": "I want to ",
        "userDefined": false
      },
      {
        "text": "play",
        "meta": "@sys.ignore",
        "userDefined": false
      }
    ],
    "isTemplate": false,
    "count": 0,
    "updated": 1520372188
  },
  {
    "id": "0303bb29-2856-472c-9895-012ffdcaf3e0",
    "data": [
      {
        "text": "play",
        "meta": "@sys.ignore",
        "userDefined": false
      },
      {
        "text": " a ",
        "userDefined": false
      },
      {
        "text": "game",
        "meta": "@sys.ignore",
        "userDefined": false
      }
    ],
    "isTemplate": false,
    "count": 0,
    "updated": 1520372188
  },
  {
    "id": "1100aa44-bb72-411c-9c66-d3e05bc5ab68",
    "data": [
      {
        "text": "I want to ",
        "userDefined": false
      },
      {
        "text": "play",
        "meta": "@sys.ignore",
        "userDefined": false
      },
      {
        "text": " a ",
        "userDefined": false
      },
      {
        "text": "game",
        "meta": "@sys.ignore",
        "userDefined": false
      }
    ],
    "isTemplate": false,
    "count": 0,
    "updated": 1520372188
  },
  {
    "id": "efb32a44-6a33-4df1-a059-b5fd2d29a256",
    "data": [
      {
        "text": "I want to ",
        "userDefined": false
      },
      {
        "text": "play",
        "meta": "@sys.ignore",
        "userDefined": false
      },
      {
        "text": " a vison ",
        "userDefined": false
      },
      {
        "text": "game",
        "meta": "@sys.ignore",
        "userDefined": false
      }
    ],
    "isTemplate": false,
    "count": 0,
    "updated": 1520372188
  }
]