[
  {
    "id": "b1986390-f517-4e6f-96fb-18602f4d23b1",
    "data": [
      {
        "text": "exactly",
        "userDefined": false
      }
    ],
    "isTemplate": false,
    "count": 0,
    "updated": 1520861246
  },
  {
    "id": "903d7567-e62a-466c-8adb-6007c27f2773",
    "data": [
      {
        "text": "yes",
        "userDefined": false
      }
    ],
    "isTemplate": false,
    "count": 0,
    "updated": 1520861246
  },
  {
    "id": "9a78b58d-3050-477b-8768-2f0e9e0534d2",
    "data": [
      {
        "text": "ok",
        "userDefined": false
      }
    ],
    "isTemplate": false,
    "count": 0,
    "updated": 1520861246
  },
  {
    "id": "c1ca4ac6-6ddd-44cc-b412-c16b0c3fc728",
    "data": [
      {
        "text": "sure",
        "userDefined": false
      }
    ],
    "isTemplate": false,
    "count": 2,
    "updated": 1520861246
  },
  {
    "id": "fe769212-5c82-4cd7-9414-2f28730ff161",
    "data": [
      {
        "text": "I agree",
        "userDefined": false
      }
    ],
    "isTemplate": false,
    "count": 1,
    "updated": 1520861246
  },
  {
    "id": "8449c006-e74a-43e1-a40c-5d8883651fad",
    "data": [
      {
        "text": "sounds good",
        "userDefined": false
      }
    ],
    "isTemplate": false,
    "count": 0,
    "updated": 1520861246
  },
  {
    "id": "03aa3b31-aa5c-4dca-bc31-232fa95ff99e",
    "data": [
      {
        "text": "that\u0027s correct",
        "userDefined": false
      }
    ],
    "isTemplate": false,
    "count": 0,
    "updated": 1520861246
  },
  {
    "id": "382d0cde-fa60-4e53-8bf6-c6a8ab5ac76c",
    "data": [
      {
        "text": "I don\u0027t mind",
        "userDefined": false
      }
    ],
    "isTemplate": false,
    "count": 0,
    "updated": 1520861246
  },
  {
    "id": "03bfd970-e888-4e39-986b-5f9c487a329c",
    "data": [
      {
        "text": "okay",
        "userDefined": false
      }
    ],
    "isTemplate": false,
    "count": 0,
    "updated": 1520861246
  },
  {
    "id": "044c9db3-01bb-420a-b06d-d88289efd28d",
    "data": [
      {
        "text": "do it",
        "userDefined": false
      }
    ],
    "isTemplate": false,
    "count": 1,
    "updated": 1520861246
  },
  {
    "id": "f2e32c82-a48f-4db4-bdbd-b0d752991886",
    "data": [
      {
        "text": "of course",
        "userDefined": false
      }
    ],
    "isTemplate": false,
    "count": 0,
    "updated": 1520861246
  },
  {
    "id": "bef772d1-854e-4d90-b62a-ef98bd410e31",
    "data": [
      {
        "text": "confirm",
        "userDefined": false
      }
    ],
    "isTemplate": false,
    "count": 1,
    "updated": 1520861246
  }
]