[
  {
    "value": "Cappuccino",
    "synonyms": [
      "Cappuccino"
    ]
  },
  {
    "value": "Macchiato",
    "synonyms": [
      "Macchiato"
    ]
  },
  {
    "value": "Latte",
    "synonyms": [
      "Latte"
    ]
  },
  {
    "value": "Americano",
    "synonyms": [
      "Americano"
    ]
  },
  {
    "value": "Latte",
    "synonyms": [
      "Latte"
    ]
  },
  {
    "value": "Moccacino",
    "synonyms": [
      "Moccacino"
    ]
  },
  {
    "value": "Espresso",
    "synonyms": [
      "Espresso"
    ]
  },
  {
    "value": "Barista Coffee",
    "synonyms": [
      "Barista Coffee"
    ]
  },
  {
    "value": "Coffee",
    "synonyms": [
      "coffee"
    ]
  },
  {
    "value": "Espresso con Panna",
    "synonyms": [
      "Espresso con Panna"
    ]
  },
  {
    "value": "Tea",
    "synonyms": [
      "Tea"
    ]
  },
  {
    "value": "Espresso Macchiato",
    "synonyms": [
      "Espresso Macchiato"
    ]
  },
  {
    "value": "Cappuccino",
    "synonyms": [
      "Cappuccino"
    ]
  },
  {
    "value": "Cocoa",
    "synonyms": [
      "Cocoa"
    ]
  },
  {
    "value": "Hot Chocolate",
    "synonyms": [
      "Hot Chocolate"
    ]
  }
]