[
  {
    "value": "raspberry",
    "synonyms": [
      "raspberry"
    ]
  },
  {
    "value": "almond",
    "synonyms": [
      "almond",
      "almond paste"
    ]
  },
  {
    "value": "sugar-free vanilla",
    "synonyms": [
      "sugar-free vanilla",
      "sugar free vanilla"
    ]
  },
  {
    "value": "cream cheese",
    "synonyms": [
      "cream cheese"
    ]
  },
  {
    "value": "caramel",
    "synonyms": [
      "caramel"
    ]
  },
  {
    "value": "hazelnut",
    "synonyms": [
      "hazelnut"
    ]
  },
  {
    "value": "blueberry",
    "synonyms": [
      "blueberry"
    ]
  },
  {
    "value": "peppermint",
    "synonyms": [
      "peppermint"
    ]
  },
  {
    "value": "vanilla",
    "synonyms": [
      "vanilla"
    ]
  }
]