[
  {
    "value": "soy milk",
    "synonyms": [
      "soy"
    ]
  },
  {
    "value": "almond milk",
    "synonyms": [
      "almond"
    ]
  },
  {
    "value": "cream",
    "synonyms": [
      "cream",
      "half and half",
      "half-and-half"
    ]
  },
  {
    "value": "non fat milk",
    "synonyms": [
      "non fat",
      "non fat",
      "non-fat",
      "skinny"
    ]
  },
  {
    "value": "regular milk",
    "synonyms": [
      "regular",
      "two percent",
      "low fat",
      "lowfat",
      "normal",
      "low-fat"
    ]
  }
]