[
  {
    "value": "game",
    "synonyms": [
      "game"
    ]
  },
  {
    "value": "play",
    "synonyms": [
      "play"
    ]
  },
  {
    "value": "I select red",
    "synonyms": [
      "I select red"
    ]
  },
  {
    "value": "green",
    "synonyms": [
      "green"
    ]
  },
  {
    "value": "to go",
    "synonyms": [
      "to go"
    ]
  },
  {
    "value": "red",
    "synonyms": [
      "red"
    ]
  },
  {
    "value": "orange",
    "synonyms": [
      "orange"
    ]
  },
  {
    "value": "blue",
    "synonyms": [
      "blue"
    ]
  },
  {
    "value": "choose green",
    "synonyms": [
      "choose green"
    ]
  },
  {
    "value": "vision game",
    "synonyms": [
      "vision game"
    ]
  },
  {
    "value": "prefer blue",
    "synonyms": [
      "prefer blue"
    ]
  }
]