[
  {
    "value": "Bagel",
    "synonyms": [
      "Bagel"
    ]
  },
  {
    "value": "Carrot Cake",
    "synonyms": [
      "Carrot Cake"
    ]
  },
  {
    "value": "Cupcake",
    "synonyms": [
      "Cupcake"
    ]
  },
  {
    "value": "Plum Cake",
    "synonyms": [
      "Plum Cake"
    ]
  },
  {
    "value": "Caesar Salad",
    "synonyms": [
      "Caesar Salad"
    ]
  },
  {
    "value": "Muffin",
    "synonyms": [
      "Muffin"
    ]
  },
  {
    "value": "Strudel",
    "synonyms": [
      "Strudel"
    ]
  },
  {
    "value": "Deep Dish Cake",
    "synonyms": [
      "Deep Dish Cake"
    ]
  },
  {
    "value": "Croissant",
    "synonyms": [
      "Croissant"
    ]
  },
  {
    "value": "Mediterranean Salad",
    "synonyms": [
      "Mediterranean Salad"
    ]
  },
  {
    "value": "Greek Salad",
    "synonyms": [
      "Greek Salad"
    ]
  },
  {
    "value": "Doughnut",
    "synonyms": [
      "Doughnut",
      "donut"
    ]
  },
  {
    "value": "Danish",
    "synonyms": [
      "Danish"
    ]
  }
]